qcode,name
dnlpath:weblines.infoline_rs.bilder-des-tages,weblines.infoline_rs.bilder-des-tages
dnlpath:weblines.infoline_rs.boulevard.entertainment,weblines.infoline_rs.boulevard.entertainment
dnlpath:weblines.infoline_rs.boulevard.kultur,weblines.infoline_rs.boulevard.kultur
dnlpath:weblines.infoline_rs.eilmeldungen,weblines.infoline_rs.eilmeldungen
dnlpath:weblines.infoline_rs.faktencheck,weblines.infoline_rs.faktencheck
dnlpath:weblines.infoline_rs.kalenderblatt,weblines.infoline_rs.kalenderblatt
dnlpath:weblines.infoline_rs.netzwelt,weblines.infoline_rs.netzwelt
dnlpath:weblines.infoline_rs.panorama,weblines.infoline_rs.panorama
dnlpath:weblines.infoline_rs.politik.ausland,weblines.infoline_rs.politik.ausland
dnlpath:weblines.infoline_rs.politik.inland,weblines.infoline_rs.politik.inland
dnlpath:weblines.infoline_rs.sport,weblines.infoline_rs.sport
dnlpath:weblines.infoline_rs.sport.fussball.spielberichte,weblines.infoline_rs.sport.fussball.spielberichte
dnlpath:weblines.infoline_rs.topthemen,weblines.infoline_rs.topthemen
dnlpath:weblines.infoline_rs.topthemen.hintergruende,weblines.infoline_rs.topthemen.hintergruende
dnlpath:weblines.infoline_rs.wirtschaft,weblines.infoline_rs.wirtschaft
dnlpath:weblines.infoline_rs.wissenschaft,weblines.infoline_rs.wissenschaft
dnlpath:weblines.infoline_rs.wissenschaft,weblines.infoline_rs.wissenschaft
dnlpath:weblines.juniorline.bildergalerie,weblines.juniorline.bildergalerie
dnlpath:weblines.juniorline.neues,weblines.juniorline.neues
dnlpath:weblines.juniorline.spiele,weblines.juniorline.spiele
dnlpath:weblines.juniorline.sport,weblines.juniorline.sport
dnlpath:weblines.juniorline.startseite,weblines.juniorline.startseite
dnlpath:weblines.juniorline.tiere,weblines.juniorline.tiere
dnlpath:weblines.juniorline.wissen,weblines.juniorline.wissen
dnlpath:weblines.regiolinegeo.badenwuerttemberg,weblines.regiolinegeo.badenwuerttemberg
dnlpath:weblines.regiolinegeo.bayern,weblines.regiolinegeo.bayern
dnlpath:weblines.regiolinegeo.berlinbrandenburg,weblines.regiolinegeo.berlinbrandenburg
dnlpath:weblines.regiolinegeo.hamburgschleswigholstein,weblines.regiolinegeo.hamburgschleswigholstein
dnlpath:weblines.regiolinegeo.hessen,weblines.regiolinegeo.hessen
dnlpath:weblines.regiolinegeo.mecklenburgvorpommern,weblines.regiolinegeo.mecklenburgvorpommern
dnlpath:weblines.regiolinegeo.niedersachsen,weblines.regiolinegeo.niedersachsen
dnlpath:weblines.regiolinegeo.nordrheinwestfalen,weblines.regiolinegeo.nordrheinwestfalen
dnlpath:weblines.regiolinegeo.rheinlandpfalzsaarland,weblines.regiolinegeo.rheinlandpfalzsaarland
dnlpath:weblines.regiolinegeo.sachsen,weblines.regiolinegeo.sachsen
dnlpath:weblines.regiolinegeo.sachsenanhalt,weblines.regiolinegeo.sachsenanhalt
dnlpath:weblines.regiolinegeo.thueringen,weblines.regiolinegeo.thueringen
dnlpath:weblines.newsscreen.boerse,weblines.newsscreen.boerse
dnlpath:weblines.newsscreen.entertainment,weblines.newsscreen.entertainment
dnlpath:weblines.newsscreen.lotto,weblines.newsscreen.lotto
dnlpath:weblines.newsscreen.politik,weblines.newsscreen.politik
dnlpath:weblines.newsscreen.sport,weblines.newsscreen.sport
dnlpath:weblines.newsscreen.vermischtes,weblines.newsscreen.vermischtes
dnlpath:weblines.newsscreen.wetter,weblines.newsscreen.wetter
dnlpath:weblines.newsscreen.wettergrafik.deutschlandwetter,weblines.newsscreen.wettergrafik.deutschlandwetter
dnlpath:weblines.newsscreen.wirtschaft,weblines.newsscreen.wirtschaft
dnlpath:weblines.newsscreen.wirtschaft-sparkasse,weblines.newsscreen.wirtschaft-sparkasse
dnlpath:weblines.serviceline.auto-verkehr,weblines.serviceline.auto-verkehr
dnlpath:weblines.serviceline.auto-verkehr.aus-zweiter-hand,weblines.serviceline.auto-verkehr.aus-zweiter-hand
dnlpath:weblines.serviceline.auto-verkehr.autotest,weblines.serviceline.auto-verkehr.autotest
dnlpath:weblines.serviceline.auto-verkehr.berichte,weblines.serviceline.auto-verkehr.berichte
dnlpath:weblines.serviceline.auto-verkehr.recht-im-verkehr,weblines.serviceline.auto-verkehr.recht-im-verkehr
dnlpath:weblines.serviceline.bauen-wohnen,weblines.serviceline.bauen-wohnen
dnlpath:weblines.serviceline.bauen-wohnen.berichte,weblines.serviceline.bauen-wohnen.berichte
dnlpath:weblines.serviceline.bauen-wohnen.mietrechts-tipp,weblines.serviceline.bauen-wohnen.mietrechts-tipp
dnlpath:weblines.serviceline.beruf-bildung,weblines.serviceline.beruf-bildung
dnlpath:weblines.serviceline.beruf-bildung.berichte,weblines.serviceline.beruf-bildung.berichte
dnlpath:weblines.serviceline.beruf-bildung.neues-aus-den-hochschulen,weblines.serviceline.beruf-bildung.neues-aus-den-hochschulen
dnlpath:weblines.serviceline.beruf-bildung.recht-im-beruf,weblines.serviceline.beruf-bildung.recht-im-beruf
dnlpath:weblines.serviceline.beruf-bildung.wie-werde-ich,weblines.serviceline.beruf-bildung.wie-werde-ich
dnlpath:weblines.serviceline.digitales,weblines.serviceline.digitales
dnlpath:weblines.serviceline.digitales.berichte,weblines.serviceline.digitales.berichte
dnlpath:weblines.serviceline.digitales.computer-tipp,weblines.serviceline.digitales.computer-tipp
dnlpath:weblines.serviceline.digitales.spiele,weblines.serviceline.digitales.spiele
dnlpath:weblines.serviceline.digitales.topapps,weblines.serviceline.digitales.topapps
dnlpath:weblines.serviceline.ernaehrung,weblines.serviceline.ernaehrung
dnlpath:weblines.serviceline.ernaehrung.berichte,weblines.serviceline.ernaehrung.berichte
dnlpath:weblines.serviceline.ernaehrung.rezept-der-woche,weblines.serviceline.ernaehrung.rezept-der-woche
dnlpath:weblines.serviceline.frauen-familie-senioren,weblines.serviceline.frauen-familie-senioren
dnlpath:weblines.serviceline.frauen-familie-senioren.berichte,weblines.serviceline.frauen-familie-senioren.berichte
dnlpath:weblines.serviceline.garten,weblines.serviceline.garten
dnlpath:weblines.serviceline.garten.berichte,weblines.serviceline.garten.berichte
dnlpath:weblines.serviceline.geld-recht,weblines.serviceline.geld-recht
dnlpath:weblines.serviceline.geld-recht.berichte,weblines.serviceline.geld-recht.berichte
dnlpath:weblines.serviceline.geld-recht.steuer-rat,weblines.serviceline.geld-recht.steuer-rat
dnlpath:weblines.serviceline.gesundheit,weblines.serviceline.gesundheit
dnlpath:weblines.serviceline.gesundheit.berichte,weblines.serviceline.gesundheit.berichte
dnlpath:weblines.serviceline.gesundheit.wellness-und-fitness,weblines.serviceline.gesundheit.wellness-und-fitness
dnlpath:weblines.serviceline.lifestyle-mode,weblines.serviceline.lifestyle-mode
dnlpath:weblines.serviceline.lifestyle-mode.berichte,weblines.serviceline.lifestyle-mode.berichte
dnlpath:weblines.serviceline.reise-tourismus,weblines.serviceline.reise-tourismus
dnlpath:weblines.serviceline.reise-tourismus.berichte,weblines.serviceline.reise-tourismus.berichte
dnlpath:weblines.serviceline.reise-tourismus.deutschland-reise,weblines.serviceline.reise-tourismus.deutschland-reise
dnlpath:weblines.serviceline.reise-tourismus.traumziele,weblines.serviceline.reise-tourismus.traumziele
dnlpath:weblines.serviceline.tiere,weblines.serviceline.tiere
dnlpath:weblines.serviceline.tiere.berichte,weblines.serviceline.tiere.berichte
dnlpath:weblines.serviceline.top-news,weblines.serviceline.top-news
dnlpath:weblines.sportsline.basketball.news,weblines.sportsline.basketball.news
dnlpath:weblines.sportsline.boxen.news,weblines.sportsline.boxen.news
dnlpath:weblines.sportsline.e-sport,weblines.sportsline.e-sport
dnlpath:weblines.sportsline.eishockey.news,weblines.sportsline.eishockey.news
dnlpath:weblines.sportsline.fussball.auslandsfussball.news,weblines.sportsline.fussball.auslandsfussball.news
dnlpath:weblines.sportsline.fussball.championsleague.news,weblines.sportsline.fussball.championsleague.news
dnlpath:weblines.sportsline.fussball.dfbpokal.news,weblines.sportsline.fussball.dfbpokal.news
dnlpath:weblines.sportsline.fussball.emqualifikation.news,weblines.sportsline.fussball.emqualifikation.news
dnlpath:weblines.sportsline.fussball.erstebundesliga.news,weblines.sportsline.fussball.erstebundesliga.news
dnlpath:weblines.sportsline.fussball.erstebundesliga.spielberichte,weblines.sportsline.fussball.erstebundesliga.spielberichte
dnlpath:weblines.sportsline.fussball.europaleague.news,weblines.sportsline.fussball.europaleague.news
dnlpath:weblines.sportsline.fussball.frauen.news,weblines.sportsline.fussball.frauen.news
dnlpath:weblines.sportsline.fussball.nationalmannschaft.news,weblines.sportsline.fussball.nationalmannschaft.news
dnlpath:weblines.sportsline.fussball.news,weblines.sportsline.fussball.news
dnlpath:weblines.sportsline.fussball.wmqualifikation.news,weblines.sportsline.fussball.wmqualifikation.news
dnlpath:weblines.sportsline.fussball.zweitebundesliga.news,weblines.sportsline.fussball.zweitebundesliga.news
dnlpath:weblines.sportsline.fussball.zweitebundesliga.spielberichte,weblines.sportsline.fussball.zweitebundesliga.spielberichte
dnlpath:weblines.sportsline.golf.news,weblines.sportsline.golf.news
dnlpath:weblines.sportsline.handball.news,weblines.sportsline.handball.news
dnlpath:weblines.sportsline.leichtathletik.news,weblines.sportsline.leichtathletik.news
dnlpath:weblines.sportsline.motorsport.formel1.news,weblines.sportsline.motorsport.formel1.news
dnlpath:weblines.sportsline.motorsport.motorenmix.news,weblines.sportsline.motorsport.motorenmix.news
dnlpath:weblines.sportsline.pferdesport.news,weblines.sportsline.pferdesport.news
dnlpath:weblines.sportsline.radsport.news,weblines.sportsline.radsport.news
dnlpath:weblines.sportsline.sportmix.news,weblines.sportsline.sportmix.news
dnlpath:weblines.sportsline.sportpolitik.news,weblines.sportsline.sportpolitik.news
dnlpath:weblines.sportsline.tennis.news,weblines.sportsline.tennis.news
dnlpath:weblines.sportsline.tennis.turniere.herren,weblines.sportsline.tennis.turniere.herren
dnlpath:weblines.sportsline.topnews,weblines.sportsline.topnews
dnlpath:weblines.sportsline.ussport.news,weblines.sportsline.ussport.news
dnlpath:weblines.sportsline.wintersport.biathlon.news,weblines.sportsline.wintersport.biathlon.news
dnlpath:weblines.sportsline.wintersport.bob-schlitten.news,weblines.sportsline.wintersport.bob-schlitten.news
dnlpath:weblines.sportsline.wintersport.skialpin.news,weblines.sportsline.wintersport.skialpin.news
dnlpath:weblines.sportsline.wintersport.skinordisch.news,weblines.sportsline.wintersport.skinordisch.news
dnlpath:weblines.sportsline.wintersport.skispringen.news,weblines.sportsline.wintersport.skispringen.news
dnlpath:weblines.sportsline.wintersport.wintermix.news,weblines.sportsline.wintersport.wintermix.news
dnlpath:weblines.starline.buch,weblines.starline.buch
dnlpath:weblines.starline.fernsehen,weblines.starline.fernsehen
dnlpath:weblines.starline.kino,weblines.starline.kino
dnlpath:weblines.starline.kulturwelt,weblines.starline.kulturwelt
dnlpath:weblines.starline.kunst,weblines.starline.kunst
dnlpath:weblines.starline.leben,weblines.starline.leben
dnlpath:weblines.starline.leute,weblines.starline.leute
dnlpath:weblines.starline.leute.geburtstage,weblines.starline.leute.geburtstage
dnlpath:weblines.starline.musik,weblines.starline.musik
dnlpath:weblines.starline.topnews,weblines.starline.topnews
